-- Sample data for testing the API
-- Run this after creating the schema

-- Sample markets
INSERT INTO markets (market_addr, owner_addr, trading_pair, market_type, strike_price, maturity_time, created_timestamp) VALUES
('0xabc1234567890abcdef1234567890abcdef1234567890abcdef1234567890ab', '0x7890123456789012345678901234567890123456789012345678901234567890', 'APT/USD', '{"is_binary": true}', '100000000', 1640995200, 1640995200),
('0xdef1234567890abcdef1234567890abcdef1234567890abcdef1234567890de', '0x7890123456789012345678901234567890123456789012345678901234567890', 'BTC/USD', '{"is_binary": false}', NULL, 1640995200, 1640995200);

-- Sample bets
INSERT INTO bets (user_addr, market_addr, amount_raw, side, timestamp) VALUES
('0x1234567890123456789012345678901234567890123456789012345678901234', '0xabc1234567890abcdef1234567890abcdef1234567890abcdef1234567890ab', '100000000', 0, 1640995200),
('0x2345678901234567890123456789012345678901234567890123456789012345', '0xabc1234567890abcdef1234567890abcdef1234567890abcdef1234567890ab', '200000000', 1, 1640995200),
('0x1234567890123456789012345678901234567890123456789012345678901234', '0xdef1234567890abcdef1234567890abcdef1234567890abcdef1234567890de', '150000000', 0, 1640995200);

-- Sample claims
INSERT INTO claims (user_addr, market_addr, winning_raw, timestamp) VALUES
('0x1234567890123456789012345678901234567890123456789012345678901234', '0xabc1234567890abcdef1234567890abcdef1234567890abcdef1234567890ab', '150000000', 1640995200),
('0x2345678901234567890123456789012345678901234567890123456789012345', '0xabc1234567890abcdef1234567890abcdef1234567890abcdef1234567890ab', '0', 1640995200);

-- Sample owner fees
INSERT INTO owner_fees (owner_addr, market_addr, fee_raw, timestamp) VALUES
('0x7890123456789012345678901234567890123456789012345678901234567890', '0xabc1234567890abcdef1234567890abcdef1234567890abcdef1234567890ab', '5000000', 1640995200),
('0x7890123456789012345678901234567890123456789012345678901234567890', '0xdef1234567890abcdef1234567890abcdef1234567890abcdef1234567890de', '3000000', 1640995200);

-- More sample data for leaderboards
INSERT INTO bets (user_addr, market_addr, amount_raw, side, timestamp) VALUES
('0x3456789012345678901234567890123456789012345678901234567890123456', '0xabc1234567890abcdef1234567890abcdef1234567890abcdef1234567890ab', '500000000', 0, 1640995200),
('0x4567890123456789012345678901234567890123456789012345678901234567', '0xabc1234567890abcdef1234567890abcdef1234567890abcdef1234567890ab', '300000000', 1, 1640995200);

INSERT INTO claims (user_addr, market_addr, winning_raw, timestamp) VALUES
('0x3456789012345678901234567890123456789012345678901234567890123456', '0xabc1234567890abcdef1234567890abcdef1234567890abcdef1234567890ab', '750000000', 1640995200),
('0x4567890123456789012345678901234567890123456789012345678901234567', '0xabc1234567890abcdef1234567890abcdef1234567890abcdef1234567890ab', '0', 1640995200);
